s_m,x_m,y_m,yaw_rad,kappa_1pm,radius_m,tube,direction
0.000000,1.196464,3.180003,3.140552979,-0.213339126,4.687373,inner,cw
0.009991,1.186473,3.180028,3.137433979,-0.421471182,2.372641,inner,cw
0.019981,1.176483,3.180093,3.132235669,-0.629603238,1.588302,inner,cw
0.029971,1.166494,3.180222,3.124958051,-0.837735294,1.193694,inner,cw
0.039961,1.156506,3.180433,3.115601125,-1.045867350,0.956144,inner,cw
0.049952,1.146520,3.180748,3.104164890,-1.253999406,0.797449,inner,cw
0.059942,1.136540,3.181187,3.090649346,-1.462131462,0.683933,inner,cw
0.069932,1.126567,3.181772,3.075054493,-1.670263519,0.598708,inner,cw
0.079922,1.116605,3.182523,3.057380332,-1.878395575,0.532369,inner,cw
0.089913,1.106658,3.183460,3.037626862,-2.086527631,0.479265,inner,cw
0.099903,1.096734,3.184603,3.015794084,-2.294659688,0.435794,inner,cw
0.109893,1.086838,3.185973,2.991881997,-2.498990094,0.400162,inner,cw
0.119883,1.076979,3.187586,2.966906655,-2.500000000,0.400000,inner,cw
0.129873,1.067164,3.189445,2.941930808,-2.500000000,0.400000,inner,cw
0.139863,1.057398,3.191549,2.916954961,-2.500000000,0.400000,inner,cw
0.149854,1.047687,3.193896,2.891979114,-2.500000000,0.400000,inner,cw
0.159844,1.038038,3.196484,2.867003268,-2.500000000,0.400000,inner,cw
0.169834,1.028457,3.199313,2.842027421,-2.500000000,0.400000,inner,cw
0.179824,1.018949,3.202380,2.817051574,-2.500000000,0.400000,inner,cw
0.189814,1.009521,3.205684,2.792075727,-2.500000000,0.400000,inner,cw
0.199804,1.000179,3.209222,2.767099881,-2.500000000,0.400000,inner,cw
0.209794,0.990927,3.212992,2.742124034,-2.500000000,0.400000,inner,cw
0.219784,0.981773,3.216992,2.717148187,-2.500000000,0.400000,inner,cw
0.229774,0.972721,3.221219,2.692172340,-2.500000000,0.400000,inner,cw
0.239764,0.963778,3.225671,2.667196493,-2.500000000,0.400000,inner,cw
0.249755,0.954949,3.230346,2.642220647,-2.500000000,0.400000,inner,cw
0.259745,0.946239,3.235239,2.617244800,-2.500000000,0.400000,inner,cw
0.269734,0.937655,3.240348,2.592268953,-2.500000000,0.400000,inner,cw
0.279725,0.929200,3.245670,2.567293106,-2.500000000,0.400000,inner,cw
0.289715,0.920881,3.251201,2.542317260,-2.500000000,0.400000,inner,cw
0.299705,0.912703,3.256939,2.517341413,-2.500000000,0.400000,inner,cw
0.309694,0.904671,3.262878,2.492365566,-2.500000000,0.400000,inner,cw
0.319685,0.896789,3.269017,2.467389720,-2.500000000,0.400000,inner,cw
0.329675,0.889063,3.275351,2.442413873,-2.500000000,0.400000,inner,cw
0.339665,0.881498,3.281875,2.417438026,-2.500000000,0.400000,inner,cw
0.349655,0.874098,3.288586,2.392462179,-2.500000000,0.400000,inner,cw
0.359645,0.866868,3.295480,2.367486333,-2.500000000,0.400000,inner,cw
0.369635,0.859812,3.302553,2.342510486,-2.500000000,0.400000,inner,cw
0.379625,0.852936,3.309799,2.317534639,-2.500000000,0.400000,inner,cw
0.389615,0.846242,3.317215,2.292558793,-2.500000000,0.400000,inner,cw
0.399605,0.839736,3.324796,2.267582946,-2.500000000,0.400000,inner,cw
0.409595,0.833421,3.332537,2.242607099,-2.500000000,0.400000,inner,cw
0.419585,0.827301,3.340433,2.217631253,-2.500000000,0.400000,inner,cw
0.429576,0.821380,3.348480,2.192655406,-2.500000000,0.400000,inner,cw
0.439566,0.815662,3.356672,2.167679560,-2.500000000,0.400000,inner,cw
0.449556,0.810151,3.365004,2.142703713,-2.500000000,0.400000,inner,cw
0.459546,0.804849,3.373471,2.117727866,-2.500000000,0.400000,inner,cw
0.469535,0.799761,3.382068,2.092752020,-2.500000000,0.400000,inner,cw
0.479526,0.794888,3.390790,2.067776173,-2.500000000,0.400000,inner,cw
0.489516,0.790235,3.399630,2.042800326,-2.500000000,0.400000,inner,cw
0.499506,0.785805,3.408584,2.017824480,-2.500000000,0.400000,inner,cw
0.509496,0.781599,3.417645,1.992848633,-2.500000000,0.400000,inner,cw
0.519486,0.777621,3.426809,1.967872787,-2.500000000,0.400000,inner,cw
0.529477,0.773873,3.436070,1.942896940,-2.500000000,0.400000,inner,cw
0.539467,0.770357,3.445421,1.917921093,-2.500000000,0.400000,inner,cw
0.549457,0.767076,3.454857,1.892945247,-2.500000000,0.400000,inner,cw
0.559447,0.764032,3.464372,1.867969400,-2.500000000,0.400000,inner,cw
0.569437,0.761226,3.473960,1.842993554,-2.500000000,0.400000,inner,cw
0.579427,0.758660,3.483615,1.818017707,-2.500000000,0.400000,inner,cw
0.589417,0.756337,3.493331,1.793041861,-2.500000000,0.400000,inner,cw
0.599407,0.754257,3.503102,1.768066014,-2.500000000,0.400000,inner,cw
0.609397,0.752421,3.512922,1.743090167,-2.500000000,0.400000,inner,cw
0.619387,0.750832,3.522785,1.718126509,-2.472442806,0.404458,inner,cw
0.629377,0.749484,3.532683,1.694413571,-2.264310751,0.441635,inner,cw
0.639367,0.748361,3.542610,1.672779942,-2.056178696,0.486339,inner,cw
0.649357,0.747443,3.552558,1.653225621,-1.848046641,0.541112,inner,cw
0.659347,0.746709,3.562521,1.635750609,-1.639914586,0.609788,inner,cw
0.669338,0.746139,3.572495,1.620354905,-1.431782531,0.698430,inner,cw
0.679328,0.745713,3.582476,1.607038510,-1.223650475,0.817227,inner,cw
0.689318,0.745408,3.592462,1.595801494,-1.015518420,0.984719,inner,cw
0.699308,0.745206,3.602450,1.586643792,-0.807386365,1.238564,inner,cw
0.709299,0.745085,3.612440,1.579565398,-0.599254309,1.668741,inner,cw
0.719289,0.745024,3.622430,1.574566313,-0.391122254,2.556745,inner,cw
0.729279,0.745003,3.632420,1.571646536,-0.182990198,5.464774,inner,cw
0.739270,0.745000,3.642411,1.570797835,-0.003016996,331.455527,inner,cw
0.749260,0.745000,3.652401,1.570796327,-0.000000000,,inner,cw
0.759250,0.745000,3.662391,1.570796327,-0.000000000,,inner,cw
0.769241,0.745000,3.672382,1.570796327,-0.000000000,,inner,cw
0.779231,0.745000,3.682372,1.570796327,-0.000000000,,inner,cw
0.789221,0.745000,3.692362,1.570796327,-0.000000000,,inner,cw
0.799212,0.745000,3.702353,1.570796327,-0.000000000,,inner,cw
0.809202,0.745000,3.712343,1.570796327,-0.000000000,,inner,cw
0.819192,0.745000,3.722333,1.570796327,-0.000000000,,inner,cw
0.829183,0.745000,3.732324,1.570796327,-0.000000000,,inner,cw
0.839173,0.745000,3.742314,1.570796327,-0.000000000,,inner,cw
0.849163,0.745000,3.752304,1.570796327,-0.000000000,,inner,cw
0.859154,0.745000,3.762295,1.570796327,-0.000000000,,inner,cw
0.869144,0.745000,3.772285,1.570796327,-0.000000000,,inner,cw
0.879135,0.745000,3.782276,1.570796327,-0.000000000,,inner,cw
0.889125,0.745000,3.792266,1.570796327,-0.000000000,,inner,cw
0.899115,0.745000,3.802256,1.570796327,-0.000000000,,inner,cw
0.909106,0.745000,3.812247,1.570796327,-0.000000000,,inner,cw
0.919096,0.745000,3.822237,1.570796327,-0.000000000,,inner,cw
0.929086,0.745000,3.832227,1.570796327,-0.000000000,,inner,cw
0.939077,0.745000,3.842218,1.570796327,-0.000000000,,inner,cw
0.949067,0.745000,3.852208,1.570796327,-0.000000000,,inner,cw
0.959057,0.745000,3.862198,1.570796327,-0.000000000,,inner,cw
0.969048,0.745000,3.872189,1.570796327,-0.000000000,,inner,cw
0.979038,0.745000,3.882179,1.570658364,-0.080890208,12.362436,inner,cw
0.989028,0.745009,3.892169,1.568862627,-0.289022264,3.459941,inner,cw
0.999018,0.745046,3.902159,1.564987582,-0.497154319,2.011448,inner,cw
1.009009,0.745132,3.912149,1.559033227,-0.705286375,1.417864,inner,cw
1.019000,0.745288,3.922139,1.550999564,-0.913418431,1.094789,inner,cw
1.028990,0.745534,3.932126,1.540886593,-1.121550487,0.891623,inner,cw
1.038980,0.745892,3.942110,1.528694313,-1.329682544,0.752059,inner,cw
1.048971,0.746382,3.952088,1.514422724,-1.537814600,0.650273,inner,cw
1.058960,0.747025,3.962057,1.498071826,-1.745946656,0.572755,inner,cw
1.068951,0.747841,3.972014,1.479641620,-1.954078712,0.511750,inner,cw
1.078941,0.748850,3.981953,1.459132106,-2.162210769,0.462490,inner,cw
1.088931,0.750074,3.991868,1.436543282,-2.370342825,0.421880,inner,cw
1.098921,0.751531,4.001751,1.412004198,-2.500000000,0.400000,inner,cw
1.108911,0.753234,4.011595,1.387028352,-2.500000000,0.400000,inner,cw
1.118902,0.755182,4.021394,1.362052505,-2.500000000,0.400000,inner,cw
1.128891,0.757374,4.031140,1.337076658,-2.500000000,0.400000,inner,cw
1.138882,0.759809,4.040829,1.312100811,-2.500000000,0.400000,inner,cw
1.148872,0.762485,4.050454,1.287124964,-2.500000000,0.400000,inner,cw
1.158862,0.765401,4.060009,1.262149118,-2.500000000,0.400000,inner,cw
1.168852,0.768554,4.069489,1.237173271,-2.500000000,0.400000,inner,cw
1.178842,0.771943,4.078886,1.212197424,-2.500000000,0.400000,inner,cw
1.188832,0.775566,4.088196,1.187221577,-2.500000000,0.400000,inner,cw
1.198822,0.779420,4.097413,1.162245730,-2.500000000,0.400000,inner,cw
1.208813,0.783503,4.106531,1.137269884,-2.500000000,0.400000,inner,cw
1.218802,0.787812,4.115543,1.112294037,-2.500000000,0.400000,inner,cw
1.228793,0.792346,4.124446,1.087318190,-2.500000000,0.400000,inner,cw
1.238782,0.797100,4.133232,1.062342343,-2.500000000,0.400000,inner,cw
1.248773,0.802072,4.141897,1.037366497,-2.500000000,0.400000,inner,cw
1.258763,0.807259,4.150435,1.012390650,-2.500000000,0.400000,inner,cw
1.268753,0.812657,4.158841,0.987414803,-2.500000000,0.400000,inner,cw
1.278743,0.818264,4.167109,0.962438956,-2.500000000,0.400000,inner,cw
1.288733,0.824075,4.175235,0.937463110,-2.500000000,0.400000,inner,cw
1.298723,0.830088,4.183213,0.912487263,-2.500000000,0.400000,inner,cw
1.308713,0.836298,4.191039,0.887511416,-2.500000000,0.400000,inner,cw
1.318703,0.842701,4.198707,0.862535570,-2.500000000,0.400000,inner,cw
1.328693,0.849294,4.206212,0.837559723,-2.500000000,0.400000,inner,cw
1.338683,0.856072,4.213551,0.812583876,-2.500000000,0.400000,inner,cw
1.348673,0.863032,4.220718,0.787608030,-2.500000000,0.400000,inner,cw
1.358663,0.870168,4.227709,0.762632183,-2.500000000,0.400000,inner,cw
1.368654,0.877477,4.234520,0.737656336,-2.500000000,0.400000,inner,cw
1.378643,0.884953,4.241146,0.712680489,-2.500000000,0.400000,inner,cw
1.388634,0.892593,4.247583,0.687704643,-2.500000000,0.400000,inner,cw
1.398624,0.900391,4.253828,0.662728796,-2.500000000,0.400000,inner,cw
1.408613,0.908342,4.259875,0.637752950,-2.500000000,0.400000,inner,cw
1.418604,0.916442,4.265723,0.612777103,-2.500000000,0.400000,inner,cw
1.428594,0.924686,4.271366,0.587801256,-2.500000000,0.400000,inner,cw
1.438584,0.933068,4.276801,0.562825410,-2.500000000,0.400000,inner,cw
1.448574,0.941583,4.282026,0.537849563,-2.500000000,0.400000,inner,cw
1.458564,0.950226,4.287036,0.512873716,-2.500000000,0.400000,inner,cw
1.468554,0.958991,4.291829,0.487897870,-2.500000000,0.400000,inner,cw
1.478544,0.967873,4.296402,0.462922023,-2.500000000,0.400000,inner,cw
1.488534,0.976867,4.300751,0.437946177,-2.500000000,0.400000,inner,cw
1.498524,0.985966,4.304874,0.412970330,-2.500000000,0.400000,inner,cw
1.508515,0.995166,4.308769,0.387994483,-2.500000000,0.400000,inner,cw
1.518505,1.004460,4.312433,0.363018637,-2.500000000,0.400000,inner,cw
1.528494,1.013842,4.315863,0.338042790,-2.500000000,0.400000,inner,cw
1.538485,1.023308,4.319058,0.313066944,-2.500000000,0.400000,inner,cw
1.548475,1.032850,4.322016,0.288091097,-2.500000000,0.400000,inner,cw
1.558465,1.042463,4.324735,0.263115250,-2.500000000,0.400000,inner,cw
1.568455,1.052141,4.327213,0.238139404,-2.500000000,0.400000,inner,cw
1.578445,1.061878,4.329448,0.213163557,-2.500000000,0.400000,inner,cw
1.588435,1.071667,4.331439,0.188187711,-2.500000000,0.400000,inner,cw
1.598425,1.081504,4.333185,0.163211864,-2.500000000,0.400000,inner,cw
1.608415,1.091380,4.334686,0.138467257,-2.396759669,0.417230,inner,cw
1.618405,1.101290,4.335949,0.115510440,-2.188627614,0.456907,inner,cw
1.628395,1.111225,4.336995,0.094632931,-1.980495559,0.504924,inner,cw
1.638386,1.121180,4.337844,0.075834730,-1.772363504,0.564218,inner,cw
1.648376,1.131147,4.338516,0.059115838,-1.564231449,0.639292,inner,cw
1.658366,1.141124,4.339031,0.044476255,-1.356099394,0.737409,inner,cw
1.668356,1.151107,4.339411,0.031915980,-1.147967338,0.871105,inner,cw
1.678347,1.161094,4.339676,0.021435014,-0.939835283,1.064016,inner,cw
1.688337,1.171083,4.339846,0.013033357,-0.731703228,1.366674,inner,cw
1.698328,1.181073,4.339943,0.006711008,-0.523571172,1.909960,inner,cw
1.708318,1.191063,4.339987,0.002467968,-0.315439117,3.170184,inner,cw
1.718308,1.201053,4.339999,0.000304237,-0.107307061,9.319051,inner,cw
1.728299,1.211044,4.340000,-0.000000000,-0.000000000,,inner,cw
1.738289,1.221034,4.339997,-0.000815154,-0.160333783,6.236989,inner,cw
1.748279,1.231024,4.339979,-0.003147318,-0.303803287,3.291604,inner,cw
1.758270,1.241015,4.339930,-0.006831418,-0.431004866,2.320159,inner,cw
1.768260,1.251005,4.339838,-0.011707039,-0.542480220,1.843385,inner,cw
1.778251,1.260995,4.339692,-0.017620549,-0.638795433,1.565446,inner,cw
1.788245,1.270986,4.339483,-0.024424384,-0.720502782,1.387920,inner,cw
1.798238,1.280976,4.339202,-0.031974517,-0.788131641,1.268824,inner,cw
1.808235,1.290966,4.338842,-0.040134595,-0.842246121,1.187301,inner,cw
1.818236,1.300957,4.338398,-0.048774266,-0.883421904,1.131962,inner,cw
1.828240,1.310947,4.337865,-0.057766435,-0.912245453,1.096196,inner,cw
1.838249,1.320937,4.337242,-0.066992639,-0.929341730,1.076030,inner,cw
1.848266,1.330928,4.336524,-0.076340724,-0.935357119,1.069110,inner,cw
1.858289,1.340918,4.335713,-0.085702108,-0.930961084,1.074159,inner,cw
1.868320,1.350908,4.334808,-0.094977560,-0.916845810,1.090696,inner,cw
1.878361,1.360899,4.333810,-0.104074472,-0.893714552,1.118925,inner,cw
1.888410,1.370889,4.332722,-0.112904248,-0.862286418,1.159707,inner,cw
1.898469,1.380879,4.331546,-0.121387814,-0.823275311,1.214660,inner,cw
1.908539,1.390870,4.330286,-0.129452720,-0.777386411,1.286362,inner,cw
1.918618,1.400860,4.328946,-0.137030814,-0.725326799,1.378689,inner,cw
1.928708,1.410850,4.327533,-0.144062995,-0.667772079,1.497517,inner,cw
1.938808,1.420841,4.326050,-0.150496413,-0.605373127,1.651874,inner,cw
1.948917,1.430831,4.324505,-0.156282619,-0.538774096,1.856065,inner,cw
1.959035,1.440821,4.322904,-0.161381256,-0.468573068,2.134139,inner,cw
1.969161,1.450812,4.321254,-0.165757633,-0.395338855,2.529476,inner,cw
1.979293,1.460802,4.319564,-0.169381532,-0.319635677,3.128562,inner,cw
1.989430,1.470792,4.317840,-0.172229667,-0.241981449,4.132548,inner,cw
1.999573,1.480783,4.316091,-0.174283869,-0.162872337,6.139778,inner,cw
2.009718,1.490773,4.314325,-0.175530683,-0.082811770,12.075578,inner,cw
2.019865,1.500763,4.312550,-0.175962514,-0.002267934,440.929895,inner,cw
2.030012,1.510754,4.310775,-0.175576580,0.078297143,12.771858,inner,cw
2.040157,1.520744,4.309008,-0.174375372,0.158397382,6.313236,inner,cw
2.050299,1.530734,4.307258,-0.172366445,0.237565301,4.209369,inner,cw
2.060438,1.540725,4.305532,-0.169562226,0.315321829,3.171363,inner,cw
2.070571,1.550715,4.303840,-0.165981313,0.391148273,2.556575,inner,cw
2.080696,1.560705,4.302188,-0.161646916,0.464528671,2.152720,inner,cw
2.090815,1.570696,4.300584,-0.156587514,0.534921832,1.869432,inner,cw
2.100925,1.580686,4.299035,-0.150838889,0.601738886,1.661850,inner,cw
2.111025,1.590676,4.297549,-0.144441261,0.664384508,1.505152,inner,cw
2.121116,1.600667,4.296131,-0.137440709,0.722234132,1.384593,inner,cw
2.131196,1.610657,4.294787,-0.129891745,0.774620154,1.290955,inner,cw
2.141265,1.620647,4.293523,-0.121853258,0.820869906,1.218220,inner,cw
2.151326,1.630638,4.292342,-0.113390541,0.860289999,1.162399,inner,cw
2.161376,1.640628,4.291248,-0.104578150,0.892162912,1.120872,inner,cw
2.171416,1.650618,4.290246,-0.095494873,0.915777298,1.091969,inner,cw
2.181448,1.660609,4.289335,-0.086226162,0.930419467,1.074784,inner,cw
2.191471,1.670599,4.288519,-0.076867010,0.935379778,1.069084,inner,cw
2.201488,1.680589,4.287796,-0.067516290,0.929968119,1.075306,inner,cw
2.211498,1.690580,4.287167,-0.058279425,0.913510389,1.094678,inner,cw
2.221503,1.700570,4.286630,-0.049271008,0.885362080,1.129481,inner,cw
2.231503,1.710560,4.286181,-0.040609072,0.844900432,1.183571,inner,cw
2.241501,1.720551,4.285816,-0.032417842,0.791523402,1.263387,inner,cw
2.251495,1.730541,4.285531,-0.024829880,0.724668300,1.379942,inner,cw
2.261488,1.740532,4.285317,-0.017980367,0.643765640,1.553360,inner,cw
2.271479,1.750522,4.285168,-0.012013023,0.548285574,1.823867,inner,cw
2.281469,1.760512,4.285074,-0.007075091,0.437676089,2.284795,inner,cw
2.291461,1.770503,4.285023,-0.003319878,0.311371837,3.211594,inner,cw
2.301451,1.780493,4.285003,-0.000907488,0.168831877,5.923052,inner,cw
2.311441,1.790483,4.285000,-0.000002656,0.009460881,105.698397,inner,cw
2.321432,1.800474,4.285000,-0.000000000,-0.000000000,,inner,cw
2.331422,1.810464,4.285000,-0.000000000,-0.000000000,,inner,cw
2.341412,1.820454,4.285000,-0.000000000,-0.000000000,,inner,cw
2.351403,1.830445,4.285000,-0.000000000,-0.000000000,,inner,cw
2.361393,1.840435,4.285000,-0.000000000,-0.000000000,,inner,cw
2.371383,1.850425,4.285000,-0.000000000,-0.000000000,,inner,cw
2.381374,1.860416,4.285000,-0.000000000,-0.000000000,,inner,cw
2.391364,1.870406,4.285000,-0.000000000,-0.000000000,,inner,cw
2.401354,1.880396,4.285000,-0.000000000,-0.000000000,,inner,cw
2.411345,1.890387,4.285000,-0.000000000,-0.000000000,,inner,cw
2.421335,1.900377,4.285000,-0.000000000,-0.000000000,,inner,cw
2.431325,1.910367,4.285000,-0.000000000,-0.000000000,,inner,cw
2.441316,1.920358,4.285000,-0.000000000,-0.000000000,,inner,cw
2.451306,1.930348,4.285000,-0.000000000,-0.000000000,,inner,cw
2.461296,1.940338,4.285000,-0.000000000,-0.000000000,,inner,cw
2.471287,1.950329,4.285000,-0.000000000,-0.000000000,,inner,cw
2.481277,1.960319,4.285000,-0.000000000,-0.000000000,,inner,cw
2.491267,1.970309,4.285000,-0.000000000,-0.000000000,,inner,cw
2.501258,1.980300,4.285000,-0.000000000,-0.000000000,,inner,cw
2.511248,1.990290,4.285000,-0.000000000,-0.000000000,,inner,cw
2.521238,2.000280,4.285000,-0.000000000,-0.000000000,,inner,cw
2.531229,2.010271,4.285000,-0.000000000,-0.000000000,,inner,cw
2.541219,2.020261,4.285000,-0.000000000,-0.000000000,,inner,cw
2.551209,2.030251,4.285000,-0.000000000,-0.000000000,,inner,cw
2.561200,2.040242,4.285000,-0.000000000,-0.000000000,,inner,cw
2.571190,2.050232,4.285000,-0.000000000,-0.000000000,,inner,cw
2.581180,2.060222,4.285000,-0.000000000,-0.000000000,,inner,cw
2.591171,2.070213,4.285000,-0.000000000,-0.000000000,,inner,cw
2.601161,2.080203,4.285000,-0.000000000,-0.000000000,,inner,cw
2.611151,2.090193,4.285000,-0.000000000,-0.000000000,,inner,cw
2.621142,2.100184,4.285000,-0.000000000,-0.000000000,,inner,cw
2.631132,2.110174,4.285000,-0.000000000,-0.000000000,,inner,cw
2.641122,2.120164,4.285000,-0.000000000,-0.000000000,,inner,cw
2.651113,2.130155,4.285000,-0.000000000,-0.000000000,,inner,cw
2.661103,2.140145,4.285000,-0.000000000,-0.000000000,,inner,cw
2.671093,2.150135,4.285000,-0.000000000,-0.000000000,,inner,cw
2.681084,2.160126,4.285000,-0.000000000,-0.000000000,,inner,cw
2.691074,2.170116,4.285000,-0.000000000,-0.000000000,,inner,cw
2.701064,2.180106,4.285000,-0.000000000,-0.000000000,,inner,cw
2.711055,2.190097,4.285000,-0.000000000,-0.000000000,,inner,cw
2.721045,2.200087,4.285000,-0.000000000,-0.000000000,,inner,cw
2.731035,2.210077,4.285000,-0.000000000,-0.000000000,,inner,cw
2.741026,2.220068,4.285000,-0.000000000,-0.000000000,,inner,cw
2.751016,2.230058,4.285000,-0.000000000,-0.000000000,,inner,cw
2.761006,2.240048,4.285000,-0.000000000,-0.000000000,,inner,cw
2.770997,2.250039,4.285000,-0.000000000,-0.000000000,,inner,cw
2.780987,2.260029,4.285000,-0.000000000,-0.000000000,,inner,cw
2.790977,2.270019,4.285000,-0.000000000,-0.000000000,,inner,cw
2.800968,2.280010,4.285000,-0.000000000,-0.000000000,,inner,cw
2.810958,2.290000,4.285000,-0.000000000,-0.000000000,,inner,cw
2.820948,2.299990,4.285000,-0.000000000,-0.000000000,,inner,cw
2.830939,2.309981,4.285000,-0.000000000,-0.000000000,,inner,cw
2.840929,2.319971,4.285000,-0.000000000,-0.000000000,,inner,cw
2.850919,2.329961,4.285000,-0.000000000,-0.000000000,,inner,cw
2.860910,2.339952,4.285000,-0.000000000,-0.000000000,,inner,cw
2.870900,2.349942,4.285000,-0.000000000,-0.000000000,,inner,cw
2.880891,2.359933,4.285000,-0.000000000,-0.000000000,,inner,cw
2.890881,2.369923,4.285000,-0.000000000,-0.000000000,,inner,cw
2.900871,2.379913,4.285000,-0.000000000,-0.000000000,,inner,cw
2.910862,2.389904,4.285000,-0.000000000,-0.000000000,,inner,cw
2.920852,2.399894,4.285000,-0.000000000,-0.000000000,,inner,cw
2.930842,2.409884,4.285000,-0.000000000,-0.000000000,,inner,cw
2.940833,2.419875,4.285000,-0.000000000,-0.000000000,,inner,cw
2.950823,2.429865,4.285000,-0.000000000,-0.000000000,,inner,cw
2.960813,2.439855,4.285000,-0.000000000,-0.000000000,,inner,cw
2.970804,2.449846,4.285000,-0.000000000,-0.000000000,,inner,cw
2.980794,2.459836,4.285000,-0.000000000,-0.000000000,,inner,cw
2.990784,2.469826,4.285000,-0.000000000,-0.000000000,,inner,cw
3.000775,2.479817,4.285000,-0.000000000,-0.000000000,,inner,cw
3.010765,2.489807,4.285000,-0.000000000,-0.000000000,,inner,cw
3.020755,2.499797,4.285000,-0.000000000,-0.000000000,,inner,cw
3.030746,2.509788,4.285000,0.000000000,-0.000000000,,inner,cw
3.040736,2.519778,4.285000,0.000000000,-0.000000000,,inner,cw
3.050726,2.529768,4.285000,0.000000000,-0.000000000,,inner,cw
3.060717,2.539759,4.285000,0.000000000,-0.000000000,,inner,cw
3.070707,2.549749,4.285000,0.000000000,-0.000000000,,inner,cw
3.080697,2.559739,4.285000,0.000000000,-0.000000000,,inner,cw
3.090688,2.569730,4.285000,0.000000000,-0.000000000,,inner,cw
3.100678,2.579720,4.285000,0.000000000,-0.000000000,,inner,cw
3.110668,2.589710,4.285000,0.000000000,-0.000000000,,inner,cw
3.120659,2.599701,4.285000,0.000000000,-0.000000000,,inner,cw
3.130649,2.609691,4.285000,0.000000000,-0.000000000,,inner,cw
3.140639,2.619681,4.285000,0.000000000,-0.000000000,,inner,cw
3.150630,2.629672,4.285000,0.000000000,-0.000000000,,inner,cw
3.160620,2.639662,4.285000,0.000000000,-0.000000000,,inner,cw
3.170610,2.649652,4.285000,0.000000000,-0.000000000,,inner,cw
3.180601,2.659643,4.285000,0.000000000,-0.000000000,,inner,cw
3.190591,2.669633,4.285000,0.000000000,-0.000000000,,inner,cw
3.200581,2.679623,4.285000,0.000000000,-0.000000000,,inner,cw
3.210572,2.689614,4.285000,0.000000000,-0.000000000,,inner,cw
3.220562,2.699604,4.285000,0.000000000,-0.000000000,,inner,cw
3.230552,2.709594,4.285000,0.000000000,-0.000000000,,inner,cw
3.240543,2.719585,4.285000,0.000000000,-0.000000000,,inner,cw
3.250533,2.729575,4.285000,0.000000000,-0.000000000,,inner,cw
3.260523,2.739565,4.285000,0.000000000,-0.000000000,,inner,cw
3.270514,2.749556,4.285000,0.000000000,-0.000000000,,inner,cw
3.280504,2.759546,4.285000,0.000000000,-0.000000000,,inner,cw
3.290494,2.769536,4.285000,0.000000000,-0.000000000,,inner,cw
3.300485,2.779527,4.285000,0.000000000,-0.000000000,,inner,cw
3.310475,2.789517,4.285000,0.000000000,-0.000000000,,inner,cw
3.320465,2.799507,4.285000,0.000000000,-0.000000000,,inner,cw
3.330456,2.809498,4.285000,0.000000000,-0.000000000,,inner,cw
3.340446,2.819488,4.285000,0.000000000,-0.000000000,,inner,cw
3.350436,2.829478,4.285000,0.000000000,-0.000000000,,inner,cw
3.360427,2.839469,4.285000,0.000000000,-0.000000000,,inner,cw
3.370417,2.849459,4.285000,0.000000000,-0.000000000,,inner,cw
3.380407,2.859449,4.285000,0.000000000,-0.000000000,,inner,cw
3.390398,2.869440,4.285000,0.000000000,-0.000000000,,inner,cw
3.400388,2.879430,4.285000,0.000000000,-0.000000000,,inner,cw
3.410378,2.889420,4.285000,0.000000000,-0.000000000,,inner,cw
3.420369,2.899411,4.285000,0.000000000,-0.000000000,,inner,cw
3.430359,2.909401,4.285000,0.000000000,-0.000000000,,inner,cw
3.440349,2.919391,4.285000,0.000000000,-0.000000000,,inner,cw
3.450340,2.929382,4.285000,0.000000000,-0.000000000,,inner,cw
3.460330,2.939372,4.285000,0.000000000,-0.000000000,,inner,cw
3.470320,2.949362,4.285000,0.000000000,-0.000000000,,inner,cw
3.480311,2.959353,4.285000,0.000000000,-0.000000000,,inner,cw
3.490301,2.969343,4.285000,0.000000000,-0.000000000,,inner,cw
3.500292,2.979334,4.285000,0.000000000,-0.000000000,,inner,cw
3.510282,2.989324,4.285000,0.000000000,-0.000000000,,inner,cw
3.520272,2.999314,4.285000,0.000000000,-0.000000000,,inner,cw
3.530263,3.009305,4.285000,0.000000000,-0.000000000,,inner,cw
3.540253,3.019295,4.285000,0.000000000,-0.000000000,,inner,cw
3.550243,3.029285,4.285000,0.000000000,-0.000000000,,inner,cw
3.560234,3.039276,4.285000,0.000000000,-0.000000000,,inner,cw
3.570224,3.049266,4.285000,0.000000000,-0.000000000,,inner,cw
3.580214,3.059256,4.285000,0.000000000,-0.000000000,,inner,cw
3.590205,3.069247,4.285000,0.000000000,-0.000000000,,inner,cw
3.600195,3.079237,4.285000,0.000000000,-0.000000000,,inner,cw
3.610185,3.089227,4.285000,0.000000000,-0.000000000,,inner,cw
3.620176,3.099218,4.285000,0.000000000,-0.000000000,,inner,cw
3.630166,3.109208,4.285000,0.000000000,-0.000000000,,inner,cw
3.640156,3.119198,4.285000,0.000000000,-0.000000000,,inner,cw
3.650147,3.129189,4.285000,0.000000000,-0.000000000,,inner,cw
3.660137,3.139179,4.285000,0.000000000,-0.000000000,,inner,cw
3.670127,3.149169,4.285000,0.000000000,-0.000000000,,inner,cw
3.680118,3.159160,4.285000,0.000000000,-0.000000000,,inner,cw
3.690108,3.169150,4.285000,0.000000000,-0.000000000,,inner,cw
3.700098,3.179140,4.285000,0.000000000,-0.000000000,,inner,cw
3.710089,3.189131,4.285000,0.000000000,-0.000000000,,inner,cw
3.720079,3.199121,4.285000,0.000000000,-0.000000000,,inner,cw
3.730069,3.209111,4.285000,0.000002647,0.009444066,105.886595,inner,cw
3.740060,3.219102,4.285003,0.000907488,0.168831877,5.923052,inner,cw
3.750050,3.229092,4.285023,0.003319878,0.311371837,3.211594,inner,cw
3.760040,3.239082,4.285074,0.007074654,0.437664242,2.284857,inner,cw
3.770031,3.249073,4.285168,0.012013023,0.548285574,1.823867,inner,cw
3.780022,3.259063,4.285317,0.017980367,0.643765640,1.553360,inner,cw
3.790015,3.269053,4.285531,0.024829155,0.724660914,1.379956,inner,cw
3.800010,3.279044,4.285816,0.032417842,0.791523402,1.263387,inner,cw
3.810006,3.289034,4.286181,0.040608226,0.844895745,1.183578,inner,cw
3.820006,3.299024,4.286630,0.049270122,0.885358657,1.129486,inner,cw
3.830012,3.309015,4.287167,0.058279425,0.913510389,1.094678,inner,cw
3.840022,3.319005,4.287796,0.067515358,0.929967035,1.075307,inner,cw
3.850038,3.328995,4.288519,0.076866072,0.935379766,1.069084,inner,cw
3.860062,3.338986,4.289335,0.086226162,0.930419467,1.074784,inner,cw
3.870093,3.348976,4.290245,0.095493953,0.915779224,1.091966,inner,cw
3.880134,3.358966,4.291248,0.104577253,0.892165701,1.120868,inner,cw
3.890184,3.368957,4.292342,0.113390541,0.860289999,1.162399,inner,cw
3.900244,3.378947,4.293523,0.121852431,0.820874205,1.218213,inner,cw
3.910314,3.388937,4.294787,0.129890964,0.774625103,1.290947,inner,cw
3.920394,3.398928,4.296131,0.137440709,0.722234132,1.384593,inner,cw
3.930485,3.408918,4.297549,0.144440589,0.664390549,1.505139,inner,cw
3.940585,3.418908,4.299035,0.150838280,0.601745376,1.661832,inner,cw
3.950695,3.428899,4.300584,0.156587514,0.534921832,1.869432,inner,cw
3.960813,3.438889,4.302188,0.161646445,0.464535876,2.152686,inner,cw
3.970938,3.448879,4.303839,0.165980916,0.391155749,2.556526,inner,cw
3.981072,3.458870,4.305532,0.169562226,0.315321829,3.171363,inner,cw
3.991210,3.468860,4.307258,0.172366204,0.237573163,4.209230,inner,cw
4.001352,3.478850,4.309008,0.174375211,0.158405362,6.312918,inner,cw
4.011498,3.488841,4.310775,0.175576580,0.078297143,12.771858,inner,cw
4.021644,3.498831,4.312550,0.175962517,-0.002259863,442.504642,inner,cw
4.031791,3.508821,4.314324,0.175530767,-0.082803724,12.076751,inner,cw
4.041937,3.518812,4.316091,0.174283869,-0.162872337,6.139778,inner,cw
4.052079,3.528802,4.317840,0.172229913,-0.241973595,4.132682,inner,cw
4.062216,3.538792,4.319564,0.169381856,-0.319627993,3.128637,inner,cw
4.072349,3.548783,4.321254,0.165757633,-0.395338855,2.529476,inner,cw
4.082475,3.558773,4.322904,0.161381731,-0.468565881,2.134172,inner,cw
4.092592,3.568763,4.324505,0.156283164,-0.538767239,1.856089,inner,cw
4.102702,3.578754,4.326050,0.150496413,-0.605373127,1.651874,inner,cw
4.112801,3.588744,4.327532,0.144063670,-0.667766064,1.497530,inner,cw
4.122891,3.598734,4.328946,0.137031546,-0.725321301,1.378699,inner,cw
4.132971,3.608725,4.330286,0.129452720,-0.777386411,1.286362,inner,cw
4.143040,3.618715,4.331546,0.121388643,-0.823271050,1.214667,inner,cw
4.153100,3.628706,4.332722,0.112904248,-0.862286418,1.159707,inner,cw
4.163149,3.638696,4.333810,0.104074472,-0.893714552,1.118925,inner,cw
4.173189,3.648686,4.334808,0.094978481,-0.916843934,1.090698,inner,cw
4.183221,3.658677,4.335713,0.085702108,-0.930961084,1.074159,inner,cw
4.193244,3.668667,4.336524,0.076340724,-0.935357119,1.069110,inner,cw
4.203260,3.678657,4.337242,0.066993570,-0.929342876,1.076029,inner,cw
4.213270,3.688648,4.337865,0.057766435,-0.912245453,1.096196,inner,cw
4.223274,3.698638,4.338398,0.048774266,-0.883421904,1.131962,inner,cw
4.233274,3.708628,4.338842,0.040135438,-0.842250880,1.187295,inner,cw
4.243272,3.718619,4.339202,0.031974517,-0.788131641,1.268824,inner,cw
4.253266,3.728609,4.339483,0.024424384,-0.720502782,1.387920,inner,cw
4.263258,3.738599,4.339692,0.017621188,-0.638804334,1.565425,inner,cw
4.273250,3.748590,4.339838,0.011707039,-0.542480220,1.843385,inner,cw
4.283240,3.758580,4.339930,0.006831418,-0.431004866,2.320159,inner,cw
4.293230,3.768570,4.339979,0.003147622,-0.303816824,3.291457,inner,cw
4.303221,3.778561,4.339997,0.000815154,-0.160333783,6.236989,inner,cw
4.313211,3.788551,4.340000,0.000000000,-0.000000000,,inner,cw
4.323201,3.798541,4.340000,-0.000259915,-0.109273098,9.151383,inner,cw
4.333192,3.808532,4.339988,-0.002339261,-0.317405154,3.150547,inner,cw
4.343183,3.818522,4.339946,-0.006497916,-0.525537210,1.902815,inner,cw
4.353173,3.828512,4.339852,-0.012735880,-0.733669266,1.363012,inner,cw
4.363163,3.838501,4.339684,-0.021053152,-0.941801322,1.061795,inner,cw
4.373154,3.848488,4.339424,-0.031449733,-1.149933378,0.869616,inner,cw
4.383144,3.858471,4.339049,-0.043925622,-1.358065434,0.736342,inner,cw
4.393134,3.868448,4.338540,-0.058480820,-1.566197491,0.638489,inner,cw
4.403124,3.878416,4.337875,-0.075115327,-1.774329547,0.563593,inner,cw
4.413114,3.888371,4.337033,-0.093829143,-1.982461603,0.504423,inner,cw
4.423104,3.898307,4.335996,-0.114622267,-2.190593660,0.456497,inner,cw
4.433095,3.908218,4.334741,-0.137494700,-2.398725716,0.416888,inner,cw
4.443084,3.918096,4.333251,-0.162198075,-2.500000000,0.400000,inner,cw
4.453074,3.927934,4.331515,-0.187173922,-2.500000000,0.400000,inner,cw
4.463065,3.937726,4.329533,-0.212149769,-2.500000000,0.400000,inner,cw
4.473055,3.947465,4.327308,-0.237125616,-2.500000000,0.400000,inner,cw
4.483044,3.957145,4.324840,-0.262101463,-2.500000000,0.400000,inner,cw
4.493035,3.966761,4.322131,-0.287077309,-2.500000000,0.400000,inner,cw
4.503025,3.976306,4.319183,-0.312053156,-2.500000000,0.400000,inner,cw
4.513015,3.985775,4.315998,-0.337029003,-2.500000000,0.400000,inner,cw
4.523005,3.995161,4.312577,-0.362004850,-2.500000000,0.400000,inner,cw
4.532996,4.004459,4.308922,-0.386980696,-2.500000000,0.400000,inner,cw
4.542985,4.013662,4.305037,-0.411956543,-2.500000000,0.400000,inner,cw
4.552975,4.022766,4.300923,-0.436932390,-2.500000000,0.400000,inner,cw
4.562965,4.031764,4.296583,-0.461908237,-2.500000000,0.400000,inner,cw
4.572956,4.040651,4.292019,-0.486884083,-2.500000000,0.400000,inner,cw
4.582946,4.049421,4.287235,-0.511859930,-2.500000000,0.400000,inner,cw
4.592936,4.058069,4.282234,-0.536835777,-2.500000000,0.400000,inner,cw
4.602926,4.066589,4.277018,-0.561811624,-2.500000000,0.400000,inner,cw
4.612916,4.074977,4.271591,-0.586787470,-2.500000000,0.400000,inner,cw
4.622906,4.083226,4.265956,-0.611763317,-2.500000000,0.400000,inner,cw
4.632896,4.091332,4.260117,-0.636739164,-2.500000000,0.400000,inner,cw
4.642886,4.099289,4.254077,-0.661715011,-2.500000000,0.400000,inner,cw
4.652877,4.107094,4.247840,-0.686690857,-2.500000000,0.400000,inner,cw
4.662866,4.114740,4.241411,-0.711666704,-2.500000000,0.400000,inner,cw
4.672857,4.122223,4.234792,-0.736642551,-2.500000000,0.400000,inner,cw
4.682847,4.129539,4.227989,-0.761618397,-2.500000000,0.400000,inner,cw
4.692837,4.136682,4.221005,-0.786594244,-2.500000000,0.400000,inner,cw
4.702827,4.143649,4.213845,-0.811570091,-2.500000000,0.400000,inner,cw
4.712817,4.150434,4.206513,-0.836545938,-2.500000000,0.400000,inner,cw
4.722807,4.157035,4.199014,-0.861521784,-2.500000000,0.400000,inner,cw
4.732797,4.163446,4.191353,-0.886497631,-2.500000000,0.400000,inner,cw
4.742787,4.169664,4.183534,-0.911473477,-2.500000000,0.400000,inner,cw
4.752777,4.175685,4.175562,-0.936449324,-2.500000000,0.400000,inner,cw
4.762767,4.181504,4.167442,-0.961425171,-2.500000000,0.400000,inner,cw
4.772757,4.187119,4.159179,-0.986401017,-2.500000000,0.400000,inner,cw
4.782747,4.192526,4.150779,-1.011376864,-2.500000000,0.400000,inner,cw
4.792737,4.197722,4.142246,-1.036352711,-2.500000000,0.400000,inner,cw
4.802728,4.202703,4.133586,-1.061328557,-2.500000000,0.400000,inner,cw
4.812717,4.207466,4.124805,-1.086304404,-2.500000000,0.400000,inner,cw
4.822707,4.212008,4.115907,-1.111280250,-2.500000000,0.400000,inner,cw
4.832698,4.216327,4.106898,-1.136256097,-2.500000000,0.400000,inner,cw
4.842688,4.220419,4.097785,-1.161231944,-2.500000000,0.400000,inner,cw
4.852678,4.224282,4.088572,-1.186207790,-2.500000000,0.400000,inner,cw
4.862668,4.227914,4.079266,-1.211183637,-2.500000000,0.400000,inner,cw
4.872658,4.231313,4.069872,-1.236159483,-2.500000000,0.400000,inner,cw
4.882648,4.234476,4.060395,-1.261135330,-2.500000000,0.400000,inner,cw
4.892638,4.237401,4.050843,-1.286111177,-2.500000000,0.400000,inner,cw
4.902628,4.240087,4.041221,-1.311087023,-2.500000000,0.400000,inner,cw
4.912618,4.242532,4.031535,-1.336062870,-2.500000000,0.400000,inner,cw
4.922609,4.244734,4.021790,-1.361038716,-2.500000000,0.400000,inner,cw
4.932598,4.246692,4.011994,-1.386014563,-2.500000000,0.400000,inner,cw
4.942588,4.248404,4.002152,-1.410990410,-2.500000000,0.400000,inner,cw
4.952579,4.249872,3.992270,-1.435582527,-2.368376778,0.422230,inner,cw
4.962569,4.251104,3.982356,-1.458255811,-2.160244723,0.462911,inner,cw
4.972559,4.252122,3.972418,-1.478849786,-1.952112668,0.512266,inner,cw
4.982549,4.252946,3.962462,-1.497364452,-1.743980613,0.573401,inner,cw
4.992539,4.253595,3.952493,-1.513799810,-1.535848558,0.651106,inner,cw
5.002529,4.254091,3.942515,-1.528155859,-1.327716503,0.753173,inner,cw
5.012520,4.254454,3.932531,-1.540432568,-1.119584448,0.893189,inner,cw
5.022510,4.254704,3.922544,-1.550629924,-0.911452392,1.097150,inner,cw
5.032500,4.254863,3.912555,-1.558747972,-0.703320337,1.421827,inner,cw
5.042491,4.254952,3.902565,-1.564786712,-0.495188282,2.019434,inner,cw
5.052481,4.254990,3.892575,-1.568746143,-0.287056226,3.483638,inner,cw
5.062472,4.255000,3.882584,-1.570626265,-0.078924171,12.670390,inner,cw
5.072462,4.255000,3.872594,-1.570796327,-0.000000000,,inner,cw
5.082452,4.255000,3.862604,-1.570796327,-0.000000000,,inner,cw
5.092443,4.255000,3.852613,-1.570796327,-0.000000000,,inner,cw
5.102433,4.255000,3.842623,-1.570796327,-0.000000000,,inner,cw
5.112423,4.255000,3.832633,-1.570796327,-0.000000000,,inner,cw
5.122414,4.255000,3.822642,-1.570796327,-0.000000000,,inner,cw
5.132404,4.255000,3.812652,-1.570796327,-0.000000000,,inner,cw
5.142394,4.255000,3.802662,-1.570796327,-0.000000000,,inner,cw
5.152385,4.255000,3.792671,-1.570796327,-0.000000000,,inner,cw
5.162375,4.255000,3.782681,-1.570796327,-0.000000000,,inner,cw
5.172365,4.255000,3.772691,-1.570796327,-0.000000000,,inner,cw
5.182356,4.255000,3.762700,-1.570796327,-0.000000000,,inner,cw
5.192346,4.255000,3.752710,-1.570796327,-0.000000000,,inner,cw
5.202336,4.255000,3.742720,-1.570796327,-0.000000000,,inner,cw
5.212327,4.255000,3.732729,-1.570796327,-0.000000000,,inner,cw
5.222317,4.255000,3.722739,-1.570796327,-0.000000000,,inner,cw
5.232307,4.255000,3.712749,-1.570796327,-0.000000000,,inner,cw
5.242298,4.255000,3.702758,-1.570796327,-0.000000000,,inner,cw
5.252288,4.255000,3.692768,-1.570796327,-0.000000000,,inner,cw
5.262278,4.255000,3.682778,-1.570796327,-0.000000000,,inner,cw
5.272269,4.255000,3.672787,-1.570796327,-0.000000000,,inner,cw
5.282259,4.255000,3.662797,-1.570796327,-0.000000000,,inner,cw
5.292249,4.255000,3.652807,-1.570796327,-0.000000000,,inner,cw
5.302240,4.255000,3.642816,-1.570796327,-0.000000000,,inner,cw
5.312230,4.254998,3.632826,-1.571572244,-0.184956236,5.406684,inner,cw
5.322220,4.254978,3.622836,-1.574407636,-0.393088291,2.543958,inner,cw
5.332211,4.254919,3.612845,-1.579322336,-0.601220347,1.663284,inner,cw
5.342201,4.254800,3.602856,-1.586316344,-0.809352403,1.235556,inner,cw
5.352191,4.254602,3.592868,-1.595389661,-1.017484459,0.982816,inner,cw
5.362181,4.254302,3.582882,-1.606542287,-1.225616515,0.815916,inner,cw
5.372172,4.253881,3.572900,-1.619774222,-1.433748572,0.697472,inner,cw
5.382162,4.253317,3.562926,-1.635085465,-1.641880628,0.609058,inner,cw
5.392153,4.252590,3.552962,-1.652476017,-1.850012684,0.540537,inner,cw
5.402142,4.251680,3.543014,-1.671945877,-2.058144741,0.485874,inner,cw
5.412132,4.250566,3.533086,-1.693495046,-2.266276797,0.441252,inner,cw
5.422122,4.249228,3.523186,-1.717123524,-2.474408853,0.404137,inner,cw
5.432113,4.247648,3.513321,-1.742076379,-2.500000000,0.400000,inner,cw
5.442103,4.245823,3.503499,-1.767052225,-2.500000000,0.400000,inner,cw
5.452093,4.243752,3.493726,-1.792028072,-2.500000000,0.400000,inner,cw
5.462083,4.241439,3.484008,-1.817003919,-2.500000000,0.400000,inner,cw
5.472073,4.238883,3.474350,-1.841979766,-2.500000000,0.400000,inner,cw
5.482063,4.236087,3.464759,-1.866955613,-2.500000000,0.400000,inner,cw
5.492054,4.233052,3.455241,-1.891931459,-2.500000000,0.400000,inner,cw
5.502043,4.229781,3.445802,-1.916907306,-2.500000000,0.400000,inner,cw
5.512034,4.226275,3.436447,-1.941883153,-2.500000000,0.400000,inner,cw
5.522024,4.222536,3.427183,-1.966859000,-2.500000000,0.400000,inner,cw
5.532014,4.218567,3.418015,-1.991834846,-2.500000000,0.400000,inner,cw
5.542003,4.214371,3.408950,-2.016810693,-2.500000000,0.400000,inner,cw
5.551994,4.209949,3.399991,-2.041786540,-2.500000000,0.400000,inner,cw
5.561984,4.205305,3.391146,-2.066762387,-2.500000000,0.400000,inner,cw
5.571974,4.200441,3.382420,-2.091738234,-2.500000000,0.400000,inner,cw
5.581964,4.195362,3.373818,-2.116714080,-2.500000000,0.400000,inner,cw
5.591955,4.190068,3.365345,-2.141689927,-2.500000000,0.400000,inner,cw
5.601945,4.184565,3.357007,-2.166665774,-2.500000000,0.400000,inner,cw
5.611934,4.178856,3.348810,-2.191641620,-2.500000000,0.400000,inner,cw
5.621925,4.172943,3.340757,-2.216617467,-2.500000000,0.400000,inner,cw
5.631914,4.166832,3.332855,-2.241593314,-2.500000000,0.400000,inner,cw
5.641904,4.160525,3.325107,-2.266569161,-2.500000000,0.400000,inner,cw
5.651894,4.154026,3.317520,-2.291545007,-2.500000000,0.400000,inner,cw
5.661885,4.147340,3.310097,-2.316520854,-2.500000000,0.400000,inner,cw
5.671875,4.140470,3.302844,-2.341496701,-2.500000000,0.400000,inner,cw
5.681865,4.133422,3.295764,-2.366472547,-2.500000000,0.400000,inner,cw
5.691855,4.126199,3.288863,-2.391448394,-2.500000000,0.400000,inner,cw
5.701845,4.118806,3.282144,-2.416424241,-2.500000000,0.400000,inner,cw
5.711835,4.111247,3.275612,-2.441400087,-2.500000000,0.400000,inner,cw
5.721825,4.103528,3.269270,-2.466375934,-2.500000000,0.400000,inner,cw
5.731815,4.095652,3.263124,-2.491351781,-2.500000000,0.400000,inner,cw
5.741805,4.087626,3.257176,-2.516327627,-2.500000000,0.400000,inner,cw
5.751795,4.079454,3.251430,-2.541303474,-2.500000000,0.400000,inner,cw
5.761786,4.071140,3.245890,-2.566279321,-2.500000000,0.400000,inner,cw
5.771775,4.062691,3.240560,-2.591255167,-2.500000000,0.400000,inner,cw
5.781766,4.054111,3.235442,-2.616231014,-2.500000000,0.400000,inner,cw
5.791755,4.045407,3.230540,-2.641206860,-2.500000000,0.400000,inner,cw
5.801746,4.036582,3.225857,-2.666182707,-2.500000000,0.400000,inner,cw
5.811735,4.027644,3.221396,-2.691158554,-2.500000000,0.400000,inner,cw
5.821726,4.018596,3.217159,-2.716134400,-2.500000000,0.400000,inner,cw
5.831716,4.009446,3.213150,-2.741110247,-2.500000000,0.400000,inner,cw
5.841706,4.000199,3.209370,-2.766086093,-2.500000000,0.400000,inner,cw
5.851696,3.990860,3.205823,-2.791061940,-2.500000000,0.400000,inner,cw
5.861686,3.981435,3.202510,-2.816037787,-2.500000000,0.400000,inner,cw
5.871677,3.971930,3.199433,-2.841013633,-2.500000000,0.400000,inner,cw
5.881666,3.962352,3.196594,-2.865989480,-2.500000000,0.400000,inner,cw
5.891656,3.952706,3.193996,-2.890965326,-2.500000000,0.400000,inner,cw
5.901646,3.942998,3.191639,-2.915941173,-2.500000000,0.400000,inner,cw
5.911636,3.933234,3.189526,-2.940917020,-2.500000000,0.400000,inner,cw
5.921627,3.923420,3.187657,-2.965892866,-2.500000000,0.400000,inner,cw
5.931616,3.913563,3.186034,-2.990868713,-2.497892645,0.400337,inner,cw
5.941607,3.903668,3.184654,-3.014863719,-2.292693641,0.436168,inner,cw
5.951597,3.893745,3.183502,-3.036780882,-2.084561586,0.479717,inner,cw
5.961588,3.883799,3.182557,-3.056618737,-1.876429531,0.532927,inner,cw
5.971577,3.873838,3.181799,-3.074377283,-1.668297476,0.599413,inner,cw
5.981568,3.863865,3.181208,-3.090056521,-1.460165421,0.684854,inner,cw
5.991558,3.853885,3.180763,-3.103656450,-1.252033366,0.798701,inner,cw
6.001548,3.843900,3.180443,-3.115177070,-1.043901311,0.957945,inner,cw
6.011538,3.833912,3.180228,-3.124618382,-0.835769255,1.196502,inner,cw
6.021529,3.823922,3.180097,-3.131980385,-0.627637200,1.593277,inner,cw
6.031519,3.813932,3.180029,-3.137263079,-0.419505145,2.383761,inner,cw
6.041509,3.803942,3.180004,-3.140466465,-0.211373089,4.730971,inner,cw
6.051499,3.793952,3.180000,-3.141590121,-0.005066580,197.371797,inner,cw
6.061490,3.783961,3.180000,3.141369471,-0.096471396,10.365767,inner,cw
6.071480,3.773971,3.180011,3.139418271,-0.290576443,3.441435,inner,cw
6.081470,3.763981,3.180050,3.135634068,-0.463554376,2.157244,inner,cw
6.091462,3.753990,3.180135,3.130223567,-0.616133477,1.623025,inner,cw
6.101453,3.744000,3.180282,3.123387997,-0.748962801,1.335180,inner,cw
6.111445,3.734010,3.180503,3.115320042,-0.862713979,1.159133,inner,cw
6.121441,3.724019,3.180810,3.106205009,-0.958043225,1.043794,inner,cw
6.131439,3.714029,3.181213,3.096224121,-1.035589621,0.965633,inner,cw
6.141442,3.704039,3.181720,3.085548884,-1.096049368,0.912368,inner,cw
6.151452,3.694048,3.182336,3.074343282,-1.140153192,0.877075,inner,cw
6.161469,3.684058,3.183067,3.062767150,-1.168669815,0.855674,inner,cw
6.171495,3.674068,3.183915,3.050969069,-1.182436047,0.845712,inner,cw
6.181532,3.664077,3.184883,3.039089274,-1.182335349,0.845784,inner,cw
6.191581,3.654087,3.185970,3.027262989,-1.169298208,0.855214,inner,cw
6.201644,3.644097,3.187177,3.015612991,-1.144291784,0.873903,inner,cw
6.211722,3.634106,3.188500,3.004253057,-1.108301664,0.902281,inner,cw
6.221815,3.624116,3.189937,2.993291176,-1.062333668,0.941324,inner,cw
6.231924,3.614126,3.191484,2.982822703,-1.007377377,0.992677,inner,cw
6.242051,3.604135,3.193135,2.972934064,-0.944398939,1.058875,inner,cw
6.252193,3.594145,3.194884,2.963705675,-0.874351710,1.143705,inner,cw
6.262351,3.584155,3.196724,2.955206243,-0.798128283,1.252931,inner,cw
6.272525,3.574164,3.198649,2.947496358,-0.716569296,1.395538,inner,cw
6.282714,3.564174,3.200649,2.940630843,-0.630486317,1.586077,inner,cw
6.292916,3.554183,3.202716,2.934653921,-0.540602104,1.849789,inner,cw
6.303130,3.544193,3.204841,2.929605075,-0.447620485,2.234035,inner,cw
6.313353,3.534203,3.207013,2.925514997,-0.352168169,2.839552,inner,cw
6.323586,3.524212,3.209223,2.922408139,-0.254826595,3.924237,inner,cw
6.333823,3.514222,3.211461,2.920303494,-0.156170069,6.403276,inner,cw
6.344064,3.504232,3.213715,2.919212954,-0.056716413,17.631580,inner,cw
6.354308,3.494241,3.215975,2.919142848,0.043033963,23.237460,inner,cw
6.364549,3.484251,3.218231,2.920093592,0.142556930,7.014741,inner,cw
6.374787,3.474261,3.220471,2.922059654,0.241353586,4.143299,inner,cw
6.385021,3.464270,3.222686,2.925029956,0.338909100,2.950644,inner,cw
6.395246,3.454280,3.224864,2.928986381,0.434653442,2.300683,inner,cw
6.405460,3.444290,3.226995,2.933905351,0.528010692,1.893901,inner,cw
6.415665,3.434299,3.229071,2.939757089,0.618360667,1.617179,inner,cw
6.425855,3.424309,3.231081,2.946503112,0.705006620,1.418426,inner,cw
6.436031,3.414319,3.233016,2.954099394,0.787225479,1.270284,inner,cw
6.446192,3.404328,3.234869,2.962494619,0.864237061,1.157090,inner,cw
6.456336,3.394338,3.236631,2.971626903,0.935184041,1.069308,inner,cw
6.466464,3.384348,3.238296,2.981428496,0.999182311,1.000818,inner,cw
6.476576,3.374357,3.239857,2.991823246,1.055301641,0.947596,inner,cw
6.486671,3.364367,3.241309,3.002722920,1.102561627,0.906979,inner,cw
6.496751,3.354377,3.242648,3.014033283,1.139977571,0.877210,inner,cw
6.506816,3.344386,3.243871,3.025651065,1.166552966,0.857226,inner,cw
6.516867,3.334396,3.244975,3.037460294,1.181290620,0.846532,inner,cw
6.526905,3.324406,3.245959,3.049339389,1.183223268,0.845149,inner,cw
6.536934,3.314415,3.246824,3.061157892,1.171412990,0.853670,inner,cw
6.546951,3.304425,3.247570,3.072773163,1.144971119,0.873384,inner,cw
6.556961,3.294435,3.248202,3.084037824,1.103058172,0.906571,inner,cw
6.566966,3.284444,3.248723,3.094796405,1.044882672,0.957045,inner,cw
6.576965,3.274454,3.249140,3.104882628,0.969722602,1.031223,inner,cw
6.586960,3.264464,3.249460,3.114126208,0.876882258,1.140404,inner,cw
6.596954,3.254473,3.249693,3.122349481,0.765688622,1.306014,inner,cw
6.606945,3.244483,3.249849,3.129365459,0.635515966,1.573525,inner,cw
6.616935,3.234493,3.249941,3.134982822,0.485700859,2.058880,inner,cw
6.626926,3.224502,3.249986,3.139002725,0.315549807,3.169072,inner,cw
6.636916,3.214512,3.249999,3.141218025,0.124387782,8.039375,inner,cw
6.646906,3.204522,3.250000,3.141592654,-0.000000000,,inner,cw
6.656897,3.194531,3.250000,3.141592654,-0.000000000,,inner,cw
6.666887,3.184541,3.250000,3.141592654,-0.000000000,,inner,cw
6.676877,3.174551,3.250000,3.141592654,-0.000000000,,inner,cw
6.686868,3.164560,3.250000,3.141592654,-0.000000000,,inner,cw
6.696858,3.154570,3.250000,3.141592654,-0.000000000,,inner,cw
6.706848,3.144580,3.250000,3.141592654,-0.000000000,,inner,cw
6.716839,3.134589,3.250000,3.141592654,-0.000000000,,inner,cw
6.726829,3.124599,3.250000,3.141592654,-0.000000000,,inner,cw
6.736819,3.114609,3.250000,3.141592654,-0.000000000,,inner,cw
6.746810,3.104618,3.250000,3.141592654,-0.000000000,,inner,cw
6.756800,3.094628,3.250000,3.141592654,-0.000000000,,inner,cw
6.766790,3.084638,3.250000,3.141592654,-0.000000000,,inner,cw
6.776781,3.074647,3.250000,3.141592654,-0.000000000,,inner,cw
6.786771,3.064657,3.250000,3.141592654,-0.000000000,,inner,cw
6.796761,3.054667,3.250000,3.141592654,-0.000000000,,inner,cw
6.806752,3.044676,3.250000,3.141592654,-0.000000000,,inner,cw
6.816742,3.034686,3.250000,3.141592654,-0.000000000,,inner,cw
6.826732,3.024696,3.250000,3.141592654,-0.000000000,,inner,cw
6.836723,3.014705,3.250000,3.141592654,-0.000000000,,inner,cw
6.846713,3.004715,3.250000,3.141592654,-0.000000000,,inner,cw
6.856703,2.994725,3.250000,3.141592654,-0.000000000,,inner,cw
6.866694,2.984734,3.250000,3.141592654,-0.000000000,,inner,cw
6.876684,2.974744,3.250000,3.141592654,-0.000000000,,inner,cw
6.886674,2.964754,3.250000,3.141592654,-0.000000000,,inner,cw
6.896665,2.954763,3.250000,3.141592654,-0.000000000,,inner,cw
6.906655,2.944773,3.250000,3.141592654,-0.000000000,,inner,cw
6.916646,2.934782,3.250000,3.141592654,-0.000000000,,inner,cw
6.926636,2.924792,3.250000,3.141592654,-0.000000000,,inner,cw
6.936626,2.914802,3.250000,3.141592654,-0.000000000,,inner,cw
6.946617,2.904811,3.250000,3.141592654,-0.000000000,,inner,cw
6.956607,2.894821,3.250000,3.141592654,-0.000000000,,inner,cw
6.966597,2.884831,3.250000,3.141592654,-0.000000000,,inner,cw
6.976588,2.874840,3.250000,3.141592654,-0.000000000,,inner,cw
6.986578,2.864850,3.250000,3.141592654,-0.000000000,,inner,cw
6.996568,2.854860,3.250000,3.141592654,-0.000000000,,inner,cw
7.006559,2.844869,3.250000,3.141592654,-0.000000000,,inner,cw
7.016549,2.834879,3.250000,3.141592654,-0.000000000,,inner,cw
7.026539,2.824889,3.250000,3.141592654,-0.000000000,,inner,cw
7.036530,2.814898,3.250000,3.141592654,-0.000000000,,inner,cw
7.046520,2.804908,3.250000,3.141592654,-0.000000000,,inner,cw
7.056510,2.794918,3.250000,3.141592654,-0.000000000,,inner,cw
7.066501,2.784927,3.250000,3.141592654,-0.000000000,,inner,cw
7.076491,2.774937,3.250000,3.141592654,-0.000000000,,inner,cw
7.086481,2.764947,3.250000,3.141592654,-0.000000000,,inner,cw
7.096472,2.754956,3.250000,3.141592654,-0.000000000,,inner,cw
7.106462,2.744966,3.250000,3.141592654,-0.000000000,,inner,cw
7.116452,2.734976,3.250000,3.141592654,-0.000000000,,inner,cw
7.126443,2.724985,3.250000,3.141592654,-0.000000000,,inner,cw
7.136433,2.714995,3.250000,3.141592654,-0.000000000,,inner,cw
7.146423,2.705005,3.250000,3.141592654,-0.000000000,,inner,cw
7.156414,2.695014,3.250000,3.141592654,-0.000000000,,inner,cw
7.166404,2.685024,3.250000,3.141592654,-0.000000000,,inner,cw
7.176394,2.675034,3.250000,3.141592654,-0.000000000,,inner,cw
7.186385,2.665043,3.250000,3.141592654,-0.000000000,,inner,cw
7.196375,2.655053,3.250000,3.141592654,-0.000000000,,inner,cw
7.206365,2.645063,3.250000,3.141592654,-0.000000000,,inner,cw
7.216356,2.635072,3.250000,3.141592654,-0.000000000,,inner,cw
7.226346,2.625082,3.250000,3.141592654,-0.000000000,,inner,cw
7.236336,2.615092,3.250000,3.141592654,-0.000000000,,inner,cw
7.246327,2.605101,3.250000,3.141592654,-0.000000000,,inner,cw
7.256317,2.595111,3.250000,3.141592654,-0.000000000,,inner,cw
7.266307,2.585121,3.250000,3.141592654,-0.000000000,,inner,cw
7.276298,2.575130,3.250000,3.141592654,-0.000000000,,inner,cw
7.286288,2.565140,3.250000,3.141592654,-0.000000000,,inner,cw
7.296278,2.555150,3.250000,3.141592654,-0.000000000,,inner,cw
7.306269,2.545159,3.250000,3.141592654,-0.000000000,,inner,cw
7.316259,2.535169,3.250000,3.141592654,-0.000000000,,inner,cw
7.326249,2.525179,3.250000,3.141592654,-0.000000000,,inner,cw
7.336240,2.515188,3.250000,3.141592654,-0.000000000,,inner,cw
7.346230,2.505198,3.250000,3.141592654,-0.000000000,,inner,cw
7.356220,2.495208,3.250000,-3.141592654,-0.000000000,,inner,cw
7.366211,2.485217,3.250000,-3.141592654,-0.000000000,,inner,cw
7.376201,2.475227,3.250000,-3.141592654,-0.000000000,,inner,cw
7.386191,2.465237,3.250000,-3.141592654,-0.000000000,,inner,cw
7.396182,2.455246,3.250000,-3.141592654,-0.000000000,,inner,cw
7.406172,2.445256,3.250000,-3.141592654,-0.000000000,,inner,cw
7.416162,2.435266,3.250000,-3.141592654,-0.000000000,,inner,cw
7.426153,2.425275,3.250000,-3.141592654,-0.000000000,,inner,cw
7.436143,2.415285,3.250000,-3.141592654,-0.000000000,,inner,cw
7.446133,2.405295,3.250000,-3.141592654,-0.000000000,,inner,cw
7.456124,2.395304,3.250000,-3.141592654,-0.000000000,,inner,cw
7.466114,2.385314,3.250000,-3.141592654,-0.000000000,,inner,cw
7.476104,2.375324,3.250000,-3.141592654,-0.000000000,,inner,cw
7.486095,2.365333,3.250000,-3.141592654,-0.000000000,,inner,cw
7.496085,2.355343,3.250000,-3.141592654,-0.000000000,,inner,cw
7.506075,2.345353,3.250000,-3.141592654,-0.000000000,,inner,cw
7.516066,2.335362,3.250000,-3.141592654,-0.000000000,,inner,cw
7.526056,2.325372,3.250000,-3.141592654,-0.000000000,,inner,cw
7.536047,2.315381,3.250000,-3.141592654,-0.000000000,,inner,cw
7.546037,2.305391,3.250000,-3.141592654,-0.000000000,,inner,cw
7.556027,2.295401,3.250000,-3.141592654,-0.000000000,,inner,cw
7.566018,2.285410,3.250000,-3.141592654,-0.000000000,,inner,cw
7.576008,2.275420,3.250000,-3.141592654,-0.000000000,,inner,cw
7.585998,2.265430,3.250000,-3.141592654,-0.000000000,,inner,cw
7.595989,2.255439,3.250000,-3.141592654,-0.000000000,,inner,cw
7.605979,2.245449,3.250000,-3.141592654,-0.000000000,,inner,cw
7.615969,2.235459,3.250000,-3.141592654,-0.000000000,,inner,cw
7.625960,2.225468,3.250000,-3.141592654,-0.000000000,,inner,cw
7.635950,2.215478,3.250000,-3.141592654,-0.000000000,,inner,cw
7.645940,2.205488,3.250000,-3.141592654,-0.000000000,,inner,cw
7.655931,2.195497,3.250000,-3.141592654,-0.000000000,,inner,cw
7.665921,2.185507,3.250000,-3.141592654,-0.000000000,,inner,cw
7.675911,2.175517,3.250000,-3.141592654,-0.000000000,,inner,cw
7.685902,2.165526,3.250000,-3.141592654,-0.000000000,,inner,cw
7.695892,2.155536,3.250000,-3.141592654,-0.000000000,,inner,cw
7.705882,2.145546,3.250000,-3.141592654,-0.000000000,,inner,cw
7.715873,2.135555,3.250000,-3.141592654,-0.000000000,,inner,cw
7.725863,2.125565,3.250000,-3.141592654,-0.000000000,,inner,cw
7.735853,2.115575,3.250000,-3.141592654,-0.000000000,,inner,cw
7.745844,2.105584,3.250000,-3.141592654,-0.000000000,,inner,cw
7.755834,2.095594,3.250000,-3.141592654,-0.000000000,,inner,cw
7.765824,2.085604,3.250000,-3.141592654,-0.000000000,,inner,cw
7.775815,2.075613,3.250000,-3.141592654,-0.000000000,,inner,cw
7.785805,2.065623,3.250000,-3.141592654,-0.000000000,,inner,cw
7.795795,2.055633,3.250000,-3.141592654,-0.000000000,,inner,cw
7.805786,2.045642,3.250000,-3.141592654,-0.000000000,,inner,cw
7.815776,2.035652,3.250000,-3.141592654,-0.000000000,,inner,cw
7.825766,2.025662,3.250000,-3.141592654,-0.000000000,,inner,cw
7.835757,2.015671,3.250000,-3.141592654,-0.000000000,,inner,cw
7.845747,2.005681,3.250000,-3.141592654,-0.000000000,,inner,cw
7.855737,1.995691,3.250000,-3.141592654,-0.000000000,,inner,cw
7.865728,1.985700,3.250000,-3.141592654,-0.000000000,,inner,cw
7.875718,1.975710,3.250000,-3.141592654,-0.000000000,,inner,cw
7.885708,1.965720,3.250000,-3.141592654,-0.000000000,,inner,cw
7.895699,1.955729,3.250000,-3.141592654,-0.000000000,,inner,cw
7.905689,1.945739,3.250000,-3.141592654,-0.000000000,,inner,cw
7.915679,1.935749,3.250000,-3.141592654,-0.000000000,,inner,cw
7.925670,1.925758,3.250000,-3.141592654,-0.000000000,,inner,cw
7.935660,1.915768,3.250000,-3.141592654,-0.000000000,,inner,cw
7.945650,1.905778,3.250000,-3.141592654,-0.000000000,,inner,cw
7.955641,1.895787,3.250000,-3.141592654,-0.000000000,,inner,cw
7.965631,1.885797,3.250000,-3.141592654,-0.000000000,,inner,cw
7.975621,1.875807,3.250000,-3.141592654,-0.000000000,,inner,cw
7.985612,1.865816,3.250000,-3.141592654,-0.000000000,,inner,cw
7.995602,1.855826,3.250000,-3.141592654,-0.000000000,,inner,cw
8.005592,1.845836,3.250000,-3.141592654,-0.000000000,,inner,cw
8.015583,1.835845,3.250000,-3.141592654,-0.000000000,,inner,cw
8.025573,1.825855,3.250000,-3.141592654,-0.000000000,,inner,cw
8.035563,1.815865,3.250000,-3.141592654,-0.000000000,,inner,cw
8.045554,1.805874,3.250000,-3.141592654,-0.000000000,,inner,cw
8.055544,1.795884,3.250000,-3.141592654,-0.000000000,,inner,cw
8.065534,1.785894,3.250000,-3.141312238,0.107923807,9.265796,inner,cw
8.075525,1.775903,3.249988,-3.139252374,0.300843287,3.323990,inner,cw
8.085515,1.765913,3.249947,-3.135371453,0.472656320,2.115702,inner,cw
8.095506,1.755923,3.249858,-3.129876277,0.624095266,1.602319,inner,cw
8.105498,1.745932,3.249708,-3.122965823,0.755850183,1.323014,inner,cw
8.115490,1.735942,3.249482,-3.114834249,0.868549194,1.151345,inner,cw
8.125485,1.725952,3.249170,-3.105666813,0.962854141,1.038579,inner,cw
8.135485,1.715961,3.248761,-3.095641468,1.039431052,0.962065,inner,cw
8.145488,1.705971,3.248249,-3.084932204,1.098952402,0.909958,inner,cw
8.155498,1.695980,3.247626,-3.073701626,1.142160008,0.875534,inner,cw
8.165515,1.685990,3.246889,-3.062109139,1.169825761,0.854828,inner,cw
8.175542,1.676000,3.246034,-3.050302867,1.182789417,0.845459,inner,cw
8.185580,1.666009,3.245059,-3.038422572,1.181937172,0.846069,inner,cw
8.195630,1.656019,3.243965,-3.026602985,1.168201991,0.856016,inner,cw
8.205693,1.646029,3.242752,-3.014966379,1.142552618,0.875233,inner,cw
8.215773,1.636038,3.241422,-3.003626019,1.105975471,0.904179,inner,cw
8.225866,1.626048,3.239979,-2.992689375,1.059476544,0.943862,inner,cw
8.235976,1.616058,3.238426,-2.982251285,1.004044603,0.995972,inner,cw
8.246104,1.606067,3.236770,-2.972397673,0.940644254,1.063101,inner,cw
8.256246,1.596077,3.235015,-2.963208452,0.870226816,1.149126,inner,cw
8.266406,1.586087,3.233170,-2.954751850,0.793682224,1.259950,inner,cw
8.276581,1.576096,3.231241,-2.947088003,0.711848154,1.404794,inner,cw
8.286770,1.566106,3.229236,-2.940271279,0.625533136,1.598636,inner,cw
8.296972,1.556116,3.227166,-2.934346043,0.535465965,1.867532,inner,cw
8.307187,1.546125,3.225038,-2.929349723,0.442320023,2.260807,inner,cw
8.317411,1.536135,3.222864,-2.925314280,0.346746874,2.883948,inner,cw
8.327643,1.526145,3.220652,-2.922263514,0.249326326,4.010808,inner,cw
8.337882,1.516154,3.218413,-2.920215293,0.150601439,6.640043,inner,cw
8.348123,1.506164,3.216158,-2.919181942,0.051118264,19.562480,inner,cw
8.358366,1.496174,3.213898,-2.919169160,-0.048623277,20.566281,inner,cw
8.368608,1.486183,3.211643,-2.920177171,-0.148129021,6.750872,inner,cw
8.378846,1.476193,3.209404,-2.922199966,-0.246869533,4.050723,inner,cw
8.389078,1.466203,3.207191,-2.925225834,-0.344329088,2.904198,inner,cw
8.399303,1.456212,3.205015,-2.929237356,-0.439964947,2.272908,inner,cw
8.409518,1.446222,3.202887,-2.934209540,-0.533169930,1.875575,inner,cw
8.419720,1.436232,3.200815,-2.940111952,-0.623322022,1.604307,inner,cw
8.429911,1.426241,3.198808,-2.946907609,-0.709748135,1.408951,inner,cw
8.440086,1.416251,3.196877,-2.954550164,-0.791695546,1.263112,inner,cw
8.450245,1.406261,3.195030,-2.962987617,-0.868382400,1.151566,inner,cw
8.460389,1.396270,3.193273,-2.972160266,-0.938970634,1.064996,inner,cw
8.470516,1.386280,3.191614,-2.981997237,-1.002551314,0.997455,inner,cw
8.480627,1.376290,3.190059,-2.992421698,-1.058194234,0.945006,inner,cw
8.490722,1.366299,3.188612,-3.003348115,-1.104932951,0.905032,inner,cw
8.500800,1.356309,3.187280,-3.014678529,-1.141766481,0.875836,inner,cw
8.510864,1.346319,3.186064,-3.026309050,-1.167701366,0.856383,inner,cw
8.520915,1.336328,3.184967,-3.038126715,-1.181747412,0.846205,inner,cw
8.530953,1.326338,3.183989,-3.050005911,-1.182932844,0.845357,inner,cw
8.540979,1.316348,3.183131,-3.061815690,-1.170325940,0.854463,inner,cw
8.550998,1.306357,3.182391,-3.073416460,-1.143035021,0.874864,inner,cw
8.561007,1.296367,3.181766,-3.084656862,-1.100229502,0.908901,inner,cw
8.571011,1.286377,3.181251,-3.095381122,-1.041125593,0.960499,inner,cw
8.581010,1.276386,3.180839,-3.105425676,-0.964983869,1.036287,inner,cw
8.591005,1.266396,3.180525,-3.114616710,-0.871130866,1.147933,inner,cw
8.600998,1.256406,3.180297,-3.122776446,-0.758900078,1.317697,inner,cw
8.610990,1.246415,3.180145,-3.129719800,-0.627629649,1.593296,inner,cw
8.620980,1.236425,3.180055,-3.135252782,-0.476691744,2.097792,inner,cw
8.630970,1.226435,3.180013,-3.139176593,-0.305397106,3.274425,inner,cw
8.640961,1.216444,3.180001,-3.141284620,-0.113014335,8.848435,inner,cw
8.650951,1.206454,3.180000,3.141592653,-0.000000000,,inner,cw
